NAME,Status
Eli John N'Diaye,Out
N'Faly Dante,Out
Trae Young,Out
Jayson Tatum,Out
Ben Saraf,Out
Cam Thomas,Out
Haywood Highsmith,Out
Grant Williams,Out
Josh Green,Out
Dalen Terry,Out
Matas Buzelis,Out
Coby White,Out
Zach Collins,Out
Jarrett Allen,Out
Sam Merrill,Out
Max Strus,Out
D'Angelo Russell,Out
Danté Exum,Out
Anthony Davis,Out
Kyrie Irving,Out
Julian Strawther,Out
Christian Braun,Out
Jaden Ivey,Out
Tobias Harris,Out
Bobi Klintman,Out
Marcus Sasser,Out
Al Horford,Out
Jonathan Kuminga,Out
De'Anthony Melton,Out
Tari Eason,Out
Dorian Finney-Smith,Out
Fred VanVleet,Out
Quenton Jackson,Out
Johnny Furphy,Out
Aaron Nesmith,Out
Kam Jones,Out
Obi Toppin,Out
Tyrese Haliburton,Out
Jordan Miller,Out
Kawhi Leonard,Out
Derrick Jones Jr.,Out
Bradley Beal,Out
Ty Jerome,Out
Ja Morant,Out
Javon Small,Out
Brandon Clarke,Out
Scotty Pippen Jr.,Out
Andrew Wiggins,Out
Nikola Jović,Out
Tyler Herro,Out
Terry Rozier,Out
Giannis Antetokounmpo,Out
Taurean Prince,Out
Kevin Porter Jr.,Out
Terrence Shannon Jr.,Out
Jordan Poole,Out
Dejounte Murray,Out
OG Anunoby,Out
Jalen Williams,Out
Kenrich Williams,Out
Aaron Wiggins,Out
Nikola Topić,Out
Thomas Sorber,Out
Paolo Banchero,Out
Moritz Wagner,Out
Joel Embiid,Out
Kelly Oubre Jr.,Out
Adem Bona,Out
Rasheer Fleming,Out
Grayson Allen,Out
Jalen Green,Out
Scoot Henderson,Out
Jrue Holiday,Out
Shaedon Sharpe,Out
Blake Wesley,Out
Matisse Thybulle,Out
Damian Lillard,Out
Domantas Sabonis,Out
Stephon Castle,Out
Dylan Harper,Out
Victor Wembanyama,Out
Georges Niang,Out
Walker Kessler,Out
Marvin Bagley III,Out
AJ Johnson,Out
Alex Sarr,Out
